{"last_download_success": 1732991972.058502, "unseen_downloads": [], "last_download_failure": 1733006003.7582805}
